{"theme":"","primaryThemeColor":"#2093CB","secondaryThemeColor":"#19739F","tertiaryThemeColor":"#7FBFDF","themeColor":"#19739F","questionPosition":"above","questionWidth":150,"borderColor":"","gutterColor":"#AABED9","pageColor":"white","disabledThemeColor":"#8D8D8D","pageWidth":900,"focus":{"outline":"solid 2px #19739F"},"header":{"fontSize":"x-large","fontWeight":"normal","color":"#000","backgroundColor":"#fff","fontStyle":"normal"},"footer":{"fontSize":"small","fontWeight":"normal","color":"#000","backgroundColor":"#fff","fontStyle":"normal"},"interview":{"fontFamily":"Roboto, Arial, Helvetica, sans-serif","fontWeight":"normal","backgroundColor":"white","fontStyle":"normal"},"screenTitle":{"fontSize":"x-large","fontWeight":"normal","fontStyle":"normal"},"question":{"fontWeight":"normal","fontStyle":"normal"},"control":{"fontWeight":"normal","fontStyle":"normal"},"stagesFillColor":"White","stagesTopColor":"#3A3A3A","stagesBottomColor":"#4F78B0","activeStageColor":"#2093CB","useActiveStageColor":true,"completeStageColor":"#3A3A3A","incompleteStageColor":"#7FBFDF","futureStageColor":"#585858","activeScreenColor":"#1C7EAE","completeScreenColor":"#385427","incompleteScreenColor":"#7FBFDF","exitFooterFillColor":"#f5f5f5","exitFooterTopColor":"#dddddd","activeStage":{"fontWeight":"normal","color":"#3F3F3F","backgroundColor":"white","fontStyle":"normal"},"incompleteStage":{"fontWeight":"normal","color":"#3F3F3F","backgroundColor":"white","fontStyle":"normal"},"futureStage":{"fontWeight":"normal","color":"#585858","backgroundColor":"White","fontStyle":"normal"},"completeStage":{"fontWeight":"normal","color":"#3A3A3A","backgroundColor":"White","fontStyle":"normal"},"activeScreen":{"fontWeight":"bold","color":"#1C7EAE","backgroundColor":"white","fontStyle":"normal"},"incompleteScreen":{"fontWeight":"normal","color":"#3F3F3F","backgroundColor":"white","fontStyle":"normal"},"completeScreen":{"fontWeight":"normal","color":"#3f3f3f","backgroundColor":"White","fontStyle":"normal"},"submitProgress":{"fontSize":"large","fontWeight":"normal","color":"Black","backgroundColor":"#ffffff","fontStyle":"normal"},"h1":{"fontSize":"x-large","fontWeight":"normal","fontStyle":"normal"},"h2":{"fontSize":"large","fontWeight":"normal","color":"#2f383c","fontStyle":"normal"},"h3":{"fontSize":"large","fontWeight":"normal","fontStyle":"italic"},"h4":{"fontWeight":"bold","color":"#2f383c","fontStyle":"normal"},"h5":{"fontWeight":"bold","fontStyle":"normal"},"h6":{"fontWeight":"normal","color":"#2f383c","fontStyle":"italic"},"alert":{"fontWeight":"normal","color":"#e50000","fontStyle":"normal"},"comment":{"fontSize":"x-small","fontWeight":"normal","color":"#6f6780","fontStyle":"normal"},"normal":{"fontWeight":"normal","fontStyle":"normal"},"error":{"fontWeight":"normal","color":"#fff","backgroundColor":"#C24839","fontStyle":"normal"},"warning":{"fontWeight":"normal","color":"#fff","backgroundColor":"#B95C00","fontStyle":"normal"},"screenPopup":{"fontWeight":"normal","fontStyle":"normal"},"tableHeader":{"fontSize":"normal","fontWeight":"bold","color":"white","backgroundColor":"#345A92","fontStyle":"normal"},"instanceOdd":{"fontWeight":"normal","color":"black","backgroundColor":"#ddf","fontStyle":"normal"},"instanceEven":{"fontWeight":"normal","color":"black","backgroundColor":"#eef","fontStyle":"normal"},"addButton.size":"large","addButton":{"fontWeight":"normal","color":"#fff","background":"#19739f","fontStyle":"normal","border":"none","borderRadius":"6px"},"addButton.active":{"background":"#19739f","color":"white"},"addButton.hover":{"background":"#478FB2"},"removeButton.size":"large","removeButton":{"fontWeight":"normal","color":"#fff","background":"#19739f","fontStyle":"normal","border":"none","borderRadius":"6px"},"removeButton.active":{"background":"#19739f","color":"white"},"removeButton.hover":{"background":"#478FB2"},"removeButtonXColor":"#19739f","next.size":"large","next":{"fontSize":"16px","fontWeight":"normal","color":"#fff","background":"#4F78B0","fontStyle":"normal","border":"none","borderRadius":"6px"},"next.active":{"background":"#4F78B0","color":"white"},"next.hover":{"background":"#7293BF"},"back.size":"large","back":{"fontSize":"16px","fontWeight":"normal","color":"#fff","background":"#345A92","fontStyle":"normal","border":"none","borderRadius":"6px"},"back.active":{"background":"#345A92","color":"white"},"back.hover":{"background":"#5C7BA7"},"exit.size":"large","exit":{"fontSize":"16px","fontWeight":"normal","color":"#fff","background":"#19739f","fontStyle":"normal","border":"none","borderRadius":"6px"},"exit.active":{"background":"#19739f","color":"white"},"exit.hover":{"background":"#478FB2"},"restart.size":"large","restart":{"fontSize":"16px","fontWeight":"normal","color":"#fff","background":"#19739f","fontStyle":"normal","border":"none","borderRadius":"6px"},"restart.active":{"background":"#19739f","color":"white"},"restart.hover":{"background":"#478FB2"},"clearSignatureButton.size":"large","clearSignatureButton":{"fontWeight":"normal","color":"#fff","background":"#19739f","fontStyle":"normal","border":"none","borderRadius":"6px"},"clearSignatureButton.active":{"background":"#19739f","color":"white"},"clearSignatureButton.hover":{"background":"#478FB2"},"radioSize":"1.5em","radioDecoration":"circle","checkboxDecoration":"tick"}