<?xml version="1.0" encoding="utf-8"?><rulebase region="en-US" timezone="Etc/GMT"><entity text="Global" name="global" has-public-name="true" can-load-externally="false" singleton="true"><attribute name="biz_Type" has-public-name="true" type="Text" /><attribute name="biz_Status" has-public-name="true" type="Text" /><attribute name="biz_LegalStructure" has-public-name="true" type="Text" /><attribute name="biz_EmpNumberGroup" has-public-name="true" type="Text" /><attribute name="FoodPrep" has-public-name="true" type="Boolean" /><attribute name="FoodPerishable" has-public-name="true" type="Boolean" /><attribute name="PurchaseExistingBiz" has-public-name="true" type="Boolean" /><attribute name="InfoExpandBiz" has-public-name="true" type="Boolean" /><attribute name="EmployerObligations" has-public-name="true" type="Boolean" /><attribute name="applicant" has-public-name="true" type="Text" /><attribute name="VendingMachine" has-public-name="true" type="Boolean" /><attribute name="Prescriptions" has-public-name="true" type="Boolean" /><attribute name="OnlinePayment" has-public-name="true" type="Boolean" /><attribute name="EmptyBeverageContainer" has-public-name="true" type="Boolean" /><attribute name="LotteryTickets" has-public-name="true" type="Boolean" /><attribute name="OffPremiseBeer" has-public-name="true" type="Boolean" /><attribute name="OffPremiseWine" has-public-name="true" type="Boolean" /><attribute name="WeighDevice" has-public-name="true" type="Boolean" /><attribute name="1bc0342e-d4ce-437a-8517-7f03db55156a" has-public-name="false" type="Boolean" /><attribute name="ab1d29a2-88f0-4284-94f5-3062a5377ad7" has-public-name="false" type="Boolean" /><attribute name="6401f8b1-bf2a-475c-9ab0-c52d5b5cba7d" has-public-name="false" type="Boolean" /><attribute name="8630f469-7d3f-43a1-ad4f-eb21926deb06" has-public-name="false" type="Boolean" /><attribute name="4ef7a901-2a6c-43d8-b885-b2f598a6e983" has-public-name="false" type="Boolean" /><attribute name="169ec802-a164-4c5c-afc8-bf2db9cb597a" has-public-name="false" type="Boolean" /><attribute name="af446478-64e2-48bd-8ffc-cb0222f56483" has-public-name="false" type="Boolean" /><attribute name="6815f523-dea7-462b-8b62-62441a625b08" has-public-name="false" type="Boolean" /><attribute name="fbee91ea-cdb6-446e-9139-8238d1b9d45c" has-public-name="false" type="Boolean" /><attribute name="288f7ae4-36a9-4109-8d0c-5035d4dc026e" has-public-name="false" type="Boolean" /><attribute name="0864ad07-fc16-41cf-ab0f-ee9074611dfc" has-public-name="false" type="Boolean" /><attribute name="2b2b0a6b-90bc-4ba8-8fd1-181eae2bedf7" has-public-name="false" type="Boolean" /><attribute name="460930a6-c63f-4f1c-a630-1cc5e2f37602" has-public-name="false" type="Boolean" /><attribute name="a37f6337-0599-44c9-9690-2985c469b36c" has-public-name="false" type="Boolean" /><attribute name="1a7fa1d5-5049-4d76-87ef-7ed1df25e77e" has-public-name="false" type="Boolean" /><attribute name="89fb3308-fbf4-4334-ab68-d33c2fdc8270" has-public-name="false" type="Boolean" /><attribute name="7b71a0cb-c5ed-4cc8-99ac-cef60c8bf21b" has-public-name="false" type="Boolean" /><attribute name="1967ec44-3f7f-4a7e-833f-0e85fc12da8d" has-public-name="false" type="Boolean" /><attribute name="bdb76f4e-fe07-43c2-9cc6-b8ba659eeac6" has-public-name="false" type="Boolean" /><attribute name="92fa745d-69c1-44e8-b4d8-69d4aae8e42d" has-public-name="false" type="Boolean" /><attribute name="d318b029-19df-49a9-9468-1e6030f43fca" has-public-name="false" type="Boolean" /><attribute name="7b088258-b0e1-4f2f-98cc-6cea2f412623" has-public-name="false" type="Boolean" /><attribute name="575ba78a-583b-4b0e-a646-78cc22e90b1e" has-public-name="false" type="Boolean" /></entity><rules module="BusinessLicenseWizard:4C2B51CC30A213F16A6B04BC26315F6D"><conclude attr-id="a37f6337-0599-44c9-9690-2985c469b36c" entity-id="global" scope-id="global0"><value><true-value /></value><condition><and><known><attribute attr-id="biz_Type" /></known><known><attribute attr-id="biz_LegalStructure" /></known><and><attribute attr-id="1a7fa1d5-5049-4d76-87ef-7ed1df25e77e" /><attribute attr-id="89fb3308-fbf4-4334-ab68-d33c2fdc8270" /></and><attribute attr-id="7b71a0cb-c5ed-4cc8-99ac-cef60c8bf21b" /></and></condition><otherwise><false-value /></otherwise></conclude><conclude attr-id="7b71a0cb-c5ed-4cc8-99ac-cef60c8bf21b" entity-id="global" scope-id="global0"><value><true-value /></value><condition><and><known><attribute attr-id="InfoExpandBiz" /></known><known><attribute attr-id="PurchaseExistingBiz" /></known><known><attribute attr-id="EmployerObligations" /></known></and></condition><otherwise><false-value /></otherwise></conclude><conclude attr-id="89fb3308-fbf4-4334-ab68-d33c2fdc8270" entity-id="global" scope-id="global0"><value><true-value /></value><condition><and><known><attribute attr-id="FoodPrep" /></known><known><attribute attr-id="FoodPerishable" /></known><known><attribute attr-id="OffPremiseBeer" /></known><known><attribute attr-id="OffPremiseWine" /></known><known><attribute attr-id="WeighDevice" /></known><known><attribute attr-id="VendingMachine" /></known><known><attribute attr-id="LotteryTickets" /></known><known><attribute attr-id="Prescriptions" /></known><known><attribute attr-id="OnlinePayment" /></known><known><attribute attr-id="EmptyBeverageContainer" /></known></and></condition><otherwise><false-value /></otherwise></conclude><conclude attr-id="1967ec44-3f7f-4a7e-833f-0e85fc12da8d" entity-id="global" scope-id="global0"><value><true-value /></value><condition><equals><attribute attr-id="biz_Status" /><string-value>New</string-value></equals></condition><otherwise><false-value /></otherwise></conclude><conclude attr-id="bdb76f4e-fe07-43c2-9cc6-b8ba659eeac6" entity-id="global" scope-id="global0"><value><true-value /></value><condition><equals><attribute attr-id="biz_Status" /><string-value>Expanding</string-value></equals></condition><otherwise><false-value /></otherwise></conclude><conclude attr-id="92fa745d-69c1-44e8-b4d8-69d4aae8e42d" entity-id="global" scope-id="global0"><value><true-value /></value><condition><equals><attribute attr-id="biz_LegalStructure" /><string-value>Sole Proprietor</string-value></equals></condition><otherwise><false-value /></otherwise></conclude><conclude attr-id="d318b029-19df-49a9-9468-1e6030f43fca" entity-id="global" scope-id="global0"><value><true-value /></value><condition><equals><attribute attr-id="biz_LegalStructure" /><string-value>Partnership</string-value></equals></condition><otherwise><false-value /></otherwise></conclude><conclude attr-id="7b088258-b0e1-4f2f-98cc-6cea2f412623" entity-id="global" scope-id="global0"><value><true-value /></value><condition><equals><attribute attr-id="biz_LegalStructure" /><string-value>Corporation</string-value></equals></condition><otherwise><false-value /></otherwise></conclude><conclude attr-id="1a7fa1d5-5049-4d76-87ef-7ed1df25e77e" entity-id="global" scope-id="global0"><value><true-value /></value><condition><equals><attribute attr-id="biz_Type" /><string-value>Grocery Store</string-value></equals></condition><otherwise><false-value /></otherwise></conclude><event action="error(&quot;Please select Grocery Store for this demonstration.&quot;)" entity-id="global" scope-id="global0"><condition><not><attribute attr-id="1a7fa1d5-5049-4d76-87ef-7ed1df25e77e" /></not></condition></event><conclude attr-id="ab1d29a2-88f0-4284-94f5-3062a5377ad7" entity-id="global" scope-id="global0"><value><true-value /></value><condition><or><attribute attr-id="OffPremiseBeer" /><attribute attr-id="OffPremiseWine" /></or></condition><otherwise><false-value /></otherwise></conclude><conclude attr-id="1bc0342e-d4ce-437a-8517-7f03db55156a" entity-id="global" scope-id="global0"><value><true-value /></value><condition><or><attribute attr-id="FoodPrep" /><attribute attr-id="FoodPerishable" /></or></condition><otherwise><false-value /></otherwise></conclude><conclude attr-id="4ef7a901-2a6c-43d8-b885-b2f598a6e983" entity-id="global" scope-id="global0"><value><true-value /></value><condition><attribute attr-id="LotteryTickets" /></condition><otherwise><false-value /></otherwise></conclude><conclude attr-id="169ec802-a164-4c5c-afc8-bf2db9cb597a" entity-id="global" scope-id="global0"><value><true-value /></value><condition><attribute attr-id="Prescriptions" /></condition><otherwise><false-value /></otherwise></conclude><conclude attr-id="8630f469-7d3f-43a1-ad4f-eb21926deb06" entity-id="global" scope-id="global0"><value><true-value /></value><condition><attribute attr-id="VendingMachine" /></condition><otherwise><false-value /></otherwise></conclude><conclude attr-id="6401f8b1-bf2a-475c-9ab0-c52d5b5cba7d" entity-id="global" scope-id="global0"><value><true-value /></value><condition><attribute attr-id="WeighDevice" /></condition><otherwise><false-value /></otherwise></conclude><conclude attr-id="af446478-64e2-48bd-8ffc-cb0222f56483" entity-id="global" scope-id="global0"><value><true-value /></value><condition><or><attribute attr-id="92fa745d-69c1-44e8-b4d8-69d4aae8e42d" /><attribute attr-id="d318b029-19df-49a9-9468-1e6030f43fca" /><attribute attr-id="7b088258-b0e1-4f2f-98cc-6cea2f412623" /></or></condition><otherwise><false-value /></otherwise></conclude><conclude attr-id="6815f523-dea7-462b-8b62-62441a625b08" entity-id="global" scope-id="global0"><value><true-value /></value><condition><attribute attr-id="92fa745d-69c1-44e8-b4d8-69d4aae8e42d" /></condition><otherwise><false-value /></otherwise></conclude><conclude attr-id="fbee91ea-cdb6-446e-9139-8238d1b9d45c" entity-id="global" scope-id="global0"><value><true-value /></value><condition><attribute attr-id="d318b029-19df-49a9-9468-1e6030f43fca" /></condition><otherwise><false-value /></otherwise></conclude><conclude attr-id="288f7ae4-36a9-4109-8d0c-5035d4dc026e" entity-id="global" scope-id="global0"><value><true-value /></value><condition><attribute attr-id="7b088258-b0e1-4f2f-98cc-6cea2f412623" /></condition><otherwise><false-value /></otherwise></conclude><conclude attr-id="0864ad07-fc16-41cf-ab0f-ee9074611dfc" entity-id="global" scope-id="global0"><value><true-value /></value><condition><or><attribute attr-id="2b2b0a6b-90bc-4ba8-8fd1-181eae2bedf7" /><attribute attr-id="460930a6-c63f-4f1c-a630-1cc5e2f37602" /></or></condition><otherwise><false-value /></otherwise></conclude><conclude attr-id="2b2b0a6b-90bc-4ba8-8fd1-181eae2bedf7" entity-id="global" scope-id="global0"><value><true-value /></value><condition><attribute attr-id="EmptyBeverageContainer" /></condition><otherwise><false-value /></otherwise></conclude><conclude attr-id="460930a6-c63f-4f1c-a630-1cc5e2f37602" entity-id="global" scope-id="global0"><value><true-value /></value><condition><attribute attr-id="OnlinePayment" /></condition><otherwise><false-value /></otherwise></conclude><conclude attr-id="575ba78a-583b-4b0e-a646-78cc22e90b1e" entity-id="global" scope-id="global0"><value><true-value /></value><condition><and><attribute attr-id="1967ec44-3f7f-4a7e-833f-0e85fc12da8d" /><attribute attr-id="InfoExpandBiz" /></and></condition><otherwise><false-value /></otherwise></conclude></rules></rulebase>